retn_code,fdgrp_cd,retn_desc,nutr_no,nutr_desc,retn_factor
0001,01,"CHEESE,BAKED",301,"Calcium, Ca",1.0
0001,01,"CHEESE,BAKED",303,"Iron, Fe",1.0
0001,01,"CHEESE,BAKED",304,"Magnesium, Mg",1.0
0001,01,"CHEESE,BAKED",305,"Phosphorus, P",1.0
0001,01,"CHEESE,BAKED",306,"Potassium, K",1.0
0001,01,"CHEESE,BAKED",307,"Sodium, Na",1.0
0001,01,"CHEESE,BAKED",309,"Zinc, Zn",1.0
0001,01,"CHEESE,BAKED",312,"Copper, Cu",1.0
0001,01,"CHEESE,BAKED",401,"Vitamin C, total ascorbic acid",0.65
0001,01,"CHEESE,BAKED",404,Thiamin,0.75
0001,01,"CHEESE,BAKED",405,Riboflavin,1.0
0001,01,"CHEESE,BAKED",406,Niacin,1.0
0001,01,"CHEESE,BAKED",415,Vitamin B-6,0.75
0001,01,"CHEESE,BAKED",417,"Folate, total",0.8
0001,01,"CHEESE,BAKED",431,Folic acid,0.8
0001,01,"CHEESE,BAKED",432,"Folate, food",0.8
0001,01,"CHEESE,BAKED",421,"Choline, total",0.75
0001,01,"CHEESE,BAKED",418,Vitamin B-12,0.55
0001,01,"CHEESE,BAKED",318,"Vitamin A, IU",1.0
0001,01,"CHEESE,BAKED",392,"Vitamin A, RE",1.0
0001,01,"CHEESE,BAKED",221,"Alcohol, ethyl",1.0
0001,01,"CHEESE,BAKED",321,"Carotene, beta",1.0
0001,01,"CHEESE,BAKED",322,"Carotene, alpha",1.0
0001,01,"CHEESE,BAKED",334,"Cryptoxanthin, beta",1.0
0001,01,"CHEESE,BAKED",337,Lycopene,1.0
0001,01,"CHEESE,BAKED",338,Lutein + zeaxanthin,1.0
0003,01,"CHEESE,BROILED",301,"Calcium, Ca",1.0
0003,01,"CHEESE,BROILED",303,"Iron, Fe",1.0
0003,01,"CHEESE,BROILED",304,"Magnesium, Mg",1.0
0003,01,"CHEESE,BROILED",305,"Phosphorus, P",1.0
0003,01,"CHEESE,BROILED",306,"Potassium, K",1.0
0003,01,"CHEESE,BROILED",307,"Sodium, Na",1.0
0003,01,"CHEESE,BROILED",309,"Zinc, Zn",1.0
0003,01,"CHEESE,BROILED",312,"Copper, Cu",1.0
0003,01,"CHEESE,BROILED",401,"Vitamin C, total ascorbic acid",0.65
0003,01,"CHEESE,BROILED",404,Thiamin,0.75
0003,01,"CHEESE,BROILED",405,Riboflavin,1.0
0003,01,"CHEESE,BROILED",406,Niacin,1.0
0003,01,"CHEESE,BROILED",415,Vitamin B-6,0.75
0003,01,"CHEESE,BROILED",417,"Folate, total",0.8
0003,01,"CHEESE,BROILED",431,Folic acid,0.8
0003,01,"CHEESE,BROILED",432,"Folate, food",0.8
0003,01,"CHEESE,BROILED",421,"Choline, total",0.75
0003,01,"CHEESE,BROILED",418,Vitamin B-12,0.55
0003,01,"CHEESE,BROILED",318,"Vitamin A, IU",1.0
0003,01,"CHEESE,BROILED",392,"Vitamin A, RE",1.0
0003,01,"CHEESE,BROILED",221,"Alcohol, ethyl",1.0
0003,01,"CHEESE,BROILED",321,"Carotene, beta",1.0
0003,01,"CHEESE,BROILED",322,"Carotene, alpha",1.0
0003,01,"CHEESE,BROILED",334,"Cryptoxanthin, beta",1.0
0003,01,"CHEESE,BROILED",337,Lycopene,1.0
0003,01,"CHEESE,BROILED",338,Lutein + zeaxanthin,1.0
0005,01,"CHEESE,COOKED W/LIQUID",301,"Calcium, Ca",1.0
0005,01,"CHEESE,COOKED W/LIQUID",303,"Iron, Fe",1.0
0005,01,"CHEESE,COOKED W/LIQUID",304,"Magnesium, Mg",1.0
0005,01,"CHEESE,COOKED W/LIQUID",305,"Phosphorus, P",1.0
0005,01,"CHEESE,COOKED W/LIQUID",306,"Potassium, K",1.0
0005,01,"CHEESE,COOKED W/LIQUID",307,"Sodium, Na",1.0
0005,01,"CHEESE,COOKED W/LIQUID",309,"Zinc, Zn",1.0
0005,01,"CHEESE,COOKED W/LIQUID",312,"Copper, Cu",1.0
0005,01,"CHEESE,COOKED W/LIQUID",401,"Vitamin C, total ascorbic acid",0.65
0005,01,"CHEESE,COOKED W/LIQUID",404,Thiamin,0.75
0005,01,"CHEESE,COOKED W/LIQUID",405,Riboflavin,1.0
0005,01,"CHEESE,COOKED W/LIQUID",406,Niacin,1.0
0005,01,"CHEESE,COOKED W/LIQUID",415,Vitamin B-6,0.75
0005,01,"CHEESE,COOKED W/LIQUID",417,"Folate, total",0.8
0005,01,"CHEESE,COOKED W/LIQUID",431,Folic acid,0.8
0005,01,"CHEESE,COOKED W/LIQUID",432,"Folate, food",0.8
0005,01,"CHEESE,COOKED W/LIQUID",421,"Choline, total",0.75
0005,01,"CHEESE,COOKED W/LIQUID",418,Vitamin B-12,0.55
0005,01,"CHEESE,COOKED W/LIQUID",318,"Vitamin A, IU",1.0
0005,01,"CHEESE,COOKED W/LIQUID",392,"Vitamin A, RE",1.0
0005,01,"CHEESE,COOKED W/LIQUID",221,"Alcohol, ethyl",1.0
0005,01,"CHEESE,COOKED W/LIQUID",321,"Carotene, beta",1.0
0005,01,"CHEESE,COOKED W/LIQUID",322,"Carotene, alpha",1.0
0005,01,"CHEESE,COOKED W/LIQUID",334,"Cryptoxanthin, beta",1.0
0005,01,"CHEESE,COOKED W/LIQUID",337,Lycopene,1.0
0005,01,"CHEESE,COOKED W/LIQUID",338,Lutein + zeaxanthin,1.0
0007,01,"CHEESE,REHEATED",301,"Calcium, Ca",1.0
0007,01,"CHEESE,REHEATED",303,"Iron, Fe",1.0
0007,01,"CHEESE,REHEATED",304,"Magnesium, Mg",1.0
0007,01,"CHEESE,REHEATED",305,"Phosphorus, P",1.0
0007,01,"CHEESE,REHEATED",306,"Potassium, K",1.0
0007,01,"CHEESE,REHEATED",307,"Sodium, Na",1.0
0007,01,"CHEESE,REHEATED",309,"Zinc, Zn",1.0
0007,01,"CHEESE,REHEATED",312,"Copper, Cu",1.0
0007,01,"CHEESE,REHEATED",401,"Vitamin C, total ascorbic acid",0.95
0007,01,"CHEESE,REHEATED",404,Thiamin,0.95
0007,01,"CHEESE,REHEATED",405,Riboflavin,1.0
0007,01,"CHEESE,REHEATED",406,Niacin,1.0
0007,01,"CHEESE,REHEATED",415,Vitamin B-6,0.95
0007,01,"CHEESE,REHEATED",417,"Folate, total",0.95
0007,01,"CHEESE,REHEATED",431,Folic acid,0.95
0007,01,"CHEESE,REHEATED",432,"Folate, food",0.95
0007,01,"CHEESE,REHEATED",421,"Choline, total",0.95
0007,01,"CHEESE,REHEATED",418,Vitamin B-12,0.95
0007,01,"CHEESE,REHEATED",318,"Vitamin A, IU",1.0
0007,01,"CHEESE,REHEATED",392,"Vitamin A, RE",1.0
0007,01,"CHEESE,REHEATED",221,"Alcohol, ethyl",1.0
0007,01,"CHEESE,REHEATED",321,"Carotene, beta",1.0
0007,01,"CHEESE,REHEATED",322,"Carotene, alpha",1.0
0007,01,"CHEESE,REHEATED",334,"Cryptoxanthin, beta",1.0
0007,01,"CHEESE,REHEATED",337,Lycopene,1.0
0007,01,"CHEESE,REHEATED",338,Lutein + zeaxanthin,1.0
0101,01,"EGGS,BAKED",301,"Calcium, Ca",1.0
0101,01,"EGGS,BAKED",303,"Iron, Fe",1.0
0101,01,"EGGS,BAKED",304,"Magnesium, Mg",1.0
0101,01,"EGGS,BAKED",305,"Phosphorus, P",1.0
0101,01,"EGGS,BAKED",306,"Potassium, K",1.0
0101,01,"EGGS,BAKED",307,"Sodium, Na",1.0
0101,01,"EGGS,BAKED",309,"Zinc, Zn",1.0
0101,01,"EGGS,BAKED",312,"Copper, Cu",1.0
0101,01,"EGGS,BAKED",401,"Vitamin C, total ascorbic acid",0.8
0101,01,"EGGS,BAKED",404,Thiamin,0.8
0101,01,"EGGS,BAKED",405,Riboflavin,0.95
0101,01,"EGGS,BAKED",406,Niacin,0.9
0101,01,"EGGS,BAKED",415,Vitamin B-6,0.95
0101,01,"EGGS,BAKED",417,"Folate, total",0.75
0101,01,"EGGS,BAKED",431,Folic acid,0.75
0101,01,"EGGS,BAKED",432,"Folate, food",0.75
0101,01,"EGGS,BAKED",421,"Choline, total",0.8
0101,01,"EGGS,BAKED",418,Vitamin B-12,0.8
0101,01,"EGGS,BAKED",318,"Vitamin A, IU",1.0
0101,01,"EGGS,BAKED",392,"Vitamin A, RE",1.0
0101,01,"EGGS,BAKED",221,"Alcohol, ethyl",1.0
0101,01,"EGGS,BAKED",321,"Carotene, beta",1.0
0101,01,"EGGS,BAKED",322,"Carotene, alpha",1.0
0101,01,"EGGS,BAKED",334,"Cryptoxanthin, beta",1.0
0101,01,"EGGS,BAKED",337,Lycopene,1.0
0101,01,"EGGS,BAKED",338,Lutein + zeaxanthin,1.0
0103,01,"EGGS,FRIED,SCRAMBLED",301,"Calcium, Ca",1.0
0103,01,"EGGS,FRIED,SCRAMBLED",303,"Iron, Fe",1.0
0103,01,"EGGS,FRIED,SCRAMBLED",304,"Magnesium, Mg",1.0
0103,01,"EGGS,FRIED,SCRAMBLED",305,"Phosphorus, P",1.0
0103,01,"EGGS,FRIED,SCRAMBLED",306,"Potassium, K",1.0
0103,01,"EGGS,FRIED,SCRAMBLED",307,"Sodium, Na",1.0
0103,01,"EGGS,FRIED,SCRAMBLED",309,"Zinc, Zn",1.0
0103,01,"EGGS,FRIED,SCRAMBLED",312,"Copper, Cu",1.0
0103,01,"EGGS,FRIED,SCRAMBLED",401,"Vitamin C, total ascorbic acid",0.8
0103,01,"EGGS,FRIED,SCRAMBLED",404,Thiamin,0.85
0103,01,"EGGS,FRIED,SCRAMBLED",405,Riboflavin,0.95
0103,01,"EGGS,FRIED,SCRAMBLED",406,Niacin,0.95
0103,01,"EGGS,FRIED,SCRAMBLED",415,Vitamin B-6,0.95
0103,01,"EGGS,FRIED,SCRAMBLED",417,"Folate, total",0.75
0103,01,"EGGS,FRIED,SCRAMBLED",431,Folic acid,0.75
0103,01,"EGGS,FRIED,SCRAMBLED",432,"Folate, food",0.75
0103,01,"EGGS,FRIED,SCRAMBLED",421,"Choline, total",0.85
0103,01,"EGGS,FRIED,SCRAMBLED",418,Vitamin B-12,0.85
0103,01,"EGGS,FRIED,SCRAMBLED",318,"Vitamin A, IU",1.0
0103,01,"EGGS,FRIED,SCRAMBLED",392,"Vitamin A, RE",1.0
0103,01,"EGGS,FRIED,SCRAMBLED",221,"Alcohol, ethyl",1.0
0103,01,"EGGS,FRIED,SCRAMBLED",321,"Carotene, beta",1.0
0103,01,"EGGS,FRIED,SCRAMBLED",322,"Carotene, alpha",1.0
0103,01,"EGGS,FRIED,SCRAMBLED",334,"Cryptoxanthin, beta",1.0
0103,01,"EGGS,FRIED,SCRAMBLED",337,Lycopene,1.0
0103,01,"EGGS,FRIED,SCRAMBLED",338,Lutein + zeaxanthin,1.0
0105,01,"EGGS,HARD COOKED",301,"Calcium, Ca",1.0
0105,01,"EGGS,HARD COOKED",303,"Iron, Fe",1.0
0105,01,"EGGS,HARD COOKED",304,"Magnesium, Mg",1.0
0105,01,"EGGS,HARD COOKED",305,"Phosphorus, P",1.0
0105,01,"EGGS,HARD COOKED",306,"Potassium, K",1.0
0105,01,"EGGS,HARD COOKED",307,"Sodium, Na",1.0
0105,01,"EGGS,HARD COOKED",309,"Zinc, Zn",1.0
0105,01,"EGGS,HARD COOKED",312,"Copper, Cu",1.0
0105,01,"EGGS,HARD COOKED",401,"Vitamin C, total ascorbic acid",0.8
0105,01,"EGGS,HARD COOKED",404,Thiamin,0.85
0105,01,"EGGS,HARD COOKED",405,Riboflavin,0.95
0105,01,"EGGS,HARD COOKED",406,Niacin,0.95
0105,01,"EGGS,HARD COOKED",415,Vitamin B-6,0.95
0105,01,"EGGS,HARD COOKED",417,"Folate, total",0.75
0105,01,"EGGS,HARD COOKED",431,Folic acid,0.75
0105,01,"EGGS,HARD COOKED",432,"Folate, food",0.75
0105,01,"EGGS,HARD COOKED",421,"Choline, total",0.8
0105,01,"EGGS,HARD COOKED",418,Vitamin B-12,0.85
0105,01,"EGGS,HARD COOKED",318,"Vitamin A, IU",1.0
0105,01,"EGGS,HARD COOKED",392,"Vitamin A, RE",1.0
0105,01,"EGGS,HARD COOKED",221,"Alcohol, ethyl",1.0
0105,01,"EGGS,HARD COOKED",321,"Carotene, beta",1.0
0105,01,"EGGS,HARD COOKED",322,"Carotene, alpha",1.0
0105,01,"EGGS,HARD COOKED",334,"Cryptoxanthin, beta",1.0
0105,01,"EGGS,HARD COOKED",337,Lycopene,1.0
0105,01,"EGGS,HARD COOKED",338,Lutein + zeaxanthin,1.0
0107,01,"EGGS,POACHED",301,"Calcium, Ca",1.0
0107,01,"EGGS,POACHED",303,"Iron, Fe",1.0
0107,01,"EGGS,POACHED",304,"Magnesium, Mg",1.0
0107,01,"EGGS,POACHED",305,"Phosphorus, P",1.0
0107,01,"EGGS,POACHED",306,"Potassium, K",1.0
0107,01,"EGGS,POACHED",307,"Sodium, Na",1.0
0107,01,"EGGS,POACHED",309,"Zinc, Zn",1.0
0107,01,"EGGS,POACHED",312,"Copper, Cu",1.0
0107,01,"EGGS,POACHED",401,"Vitamin C, total ascorbic acid",0.8
0107,01,"EGGS,POACHED",404,Thiamin,0.8
0107,01,"EGGS,POACHED",405,Riboflavin,0.85
0107,01,"EGGS,POACHED",406,Niacin,0.85
0107,01,"EGGS,POACHED",415,Vitamin B-6,0.85
0107,01,"EGGS,POACHED",417,"Folate, total",0.75
0107,01,"EGGS,POACHED",431,Folic acid,0.75
0107,01,"EGGS,POACHED",432,"Folate, food",0.75
0107,01,"EGGS,POACHED",421,"Choline, total",0.8
0107,01,"EGGS,POACHED",418,Vitamin B-12,0.8
0107,01,"EGGS,POACHED",318,"Vitamin A, IU",1.0
0107,01,"EGGS,POACHED",392,"Vitamin A, RE",1.0
0107,01,"EGGS,POACHED",221,"Alcohol, ethyl",1.0
0107,01,"EGGS,POACHED",321,"Carotene, beta",1.0
0107,01,"EGGS,POACHED",322,"Carotene, alpha",1.0
0107,01,"EGGS,POACHED",334,"Cryptoxanthin, beta",1.0
0107,01,"EGGS,POACHED",337,Lycopene,1.0
0107,01,"EGGS,POACHED",338,Lutein + zeaxanthin,1.0
0109,01,"EGGS,REHEATED",301,"Calcium, Ca",1.0
0109,01,"EGGS,REHEATED",303,"Iron, Fe",1.0
0109,01,"EGGS,REHEATED",304,"Magnesium, Mg",1.0
0109,01,"EGGS,REHEATED",305,"Phosphorus, P",1.0
0109,01,"EGGS,REHEATED",306,"Potassium, K",1.0
0109,01,"EGGS,REHEATED",307,"Sodium, Na",1.0
0109,01,"EGGS,REHEATED",309,"Zinc, Zn",1.0
0109,01,"EGGS,REHEATED",312,"Copper, Cu",1.0
0109,01,"EGGS,REHEATED",401,"Vitamin C, total ascorbic acid",0.95
0109,01,"EGGS,REHEATED",404,Thiamin,0.95
0109,01,"EGGS,REHEATED",405,Riboflavin,1.0
0109,01,"EGGS,REHEATED",406,Niacin,1.0
0109,01,"EGGS,REHEATED",415,Vitamin B-6,0.95
0109,01,"EGGS,REHEATED",417,"Folate, total",0.95
0109,01,"EGGS,REHEATED",431,Folic acid,0.95
0109,01,"EGGS,REHEATED",432,"Folate, food",0.95
0109,01,"EGGS,REHEATED",421,"Choline, total",0.85
0109,01,"EGGS,REHEATED",418,Vitamin B-12,0.95
0109,01,"EGGS,REHEATED",318,"Vitamin A, IU",1.0
0109,01,"EGGS,REHEATED",392,"Vitamin A, RE",1.0
0109,01,"EGGS,REHEATED",221,"Alcohol, ethyl",1.0
0109,01,"EGGS,REHEATED",321,"Carotene, beta",1.0
0109,01,"EGGS,REHEATED",322,"Carotene, alpha",1.0
0109,01,"EGGS,REHEATED",334,"Cryptoxanthin, beta",1.0
0109,01,"EGGS,REHEATED",337,Lycopene,1.0
0109,01,"EGGS,REHEATED",338,Lutein + zeaxanthin,1.0
2153,01,"MILK,HEATED APPROX 1 HOUR",301,"Calcium, Ca",1.0
2153,01,"MILK,HEATED APPROX 1 HOUR",303,"Iron, Fe",1.0
2153,01,"MILK,HEATED APPROX 1 HOUR",304,"Magnesium, Mg",1.0
2153,01,"MILK,HEATED APPROX 1 HOUR",305,"Phosphorus, P",1.0
2153,01,"MILK,HEATED APPROX 1 HOUR",306,"Potassium, K",1.0
2153,01,"MILK,HEATED APPROX 1 HOUR",307,"Sodium, Na",1.0
2153,01,"MILK,HEATED APPROX 1 HOUR",309,"Zinc, Zn",1.0
2153,01,"MILK,HEATED APPROX 1 HOUR",312,"Copper, Cu",1.0
2153,01,"MILK,HEATED APPROX 1 HOUR",401,"Vitamin C, total ascorbic acid",0.45
2153,01,"MILK,HEATED APPROX 1 HOUR",404,Thiamin,0.6
2153,01,"MILK,HEATED APPROX 1 HOUR",405,Riboflavin,1.0
2153,01,"MILK,HEATED APPROX 1 HOUR",406,Niacin,1.0
2153,01,"MILK,HEATED APPROX 1 HOUR",415,Vitamin B-6,0.55
2153,01,"MILK,HEATED APPROX 1 HOUR",417,"Folate, total",0.7
2153,01,"MILK,HEATED APPROX 1 HOUR",431,Folic acid,0.7
2153,01,"MILK,HEATED APPROX 1 HOUR",432,"Folate, food",0.7
2153,01,"MILK,HEATED APPROX 1 HOUR",421,"Choline, total",0.6
2153,01,"MILK,HEATED APPROX 1 HOUR",418,Vitamin B-12,0.3
2153,01,"MILK,HEATED APPROX 1 HOUR",318,"Vitamin A, IU",1.0
2153,01,"MILK,HEATED APPROX 1 HOUR",392,"Vitamin A, RE",1.0
2153,01,"MILK,HEATED APPROX 1 HOUR",221,"Alcohol, ethyl",1.0
2153,01,"MILK,HEATED APPROX 1 HOUR",321,"Carotene, beta",1.0
2153,01,"MILK,HEATED APPROX 1 HOUR",322,"Carotene, alpha",1.0
2153,01,"MILK,HEATED APPROX 1 HOUR",334,"Cryptoxanthin, beta",1.0
2153,01,"MILK,HEATED APPROX 1 HOUR",337,Lycopene,1.0
2153,01,"MILK,HEATED APPROX 1 HOUR",338,Lutein + zeaxanthin,1.0
2151,01,"MILK,HEATED APPROX 10MIN",301,"Calcium, Ca",1.0
2151,01,"MILK,HEATED APPROX 10MIN",303,"Iron, Fe",1.0
2151,01,"MILK,HEATED APPROX 10MIN",304,"Magnesium, Mg",1.0
2151,01,"MILK,HEATED APPROX 10MIN",305,"Phosphorus, P",1.0
2151,01,"MILK,HEATED APPROX 10MIN",306,"Potassium, K",1.0
2151,01,"MILK,HEATED APPROX 10MIN",307,"Sodium, Na",1.0
2151,01,"MILK,HEATED APPROX 10MIN",309,"Zinc, Zn",1.0
2151,01,"MILK,HEATED APPROX 10MIN",312,"Copper, Cu",1.0
2151,01,"MILK,HEATED APPROX 10MIN",401,"Vitamin C, total ascorbic acid",0.85
2151,01,"MILK,HEATED APPROX 10MIN",404,Thiamin,0.9
2151,01,"MILK,HEATED APPROX 10MIN",405,Riboflavin,1.0
2151,01,"MILK,HEATED APPROX 10MIN",406,Niacin,1.0
2151,01,"MILK,HEATED APPROX 10MIN",415,Vitamin B-6,0.9
2151,01,"MILK,HEATED APPROX 10MIN",417,"Folate, total",0.85
2151,01,"MILK,HEATED APPROX 10MIN",431,Folic acid,0.85
2151,01,"MILK,HEATED APPROX 10MIN",432,"Folate, food",0.85
2151,01,"MILK,HEATED APPROX 10MIN",421,"Choline, total",0.9
2151,01,"MILK,HEATED APPROX 10MIN",418,Vitamin B-12,0.8
2151,01,"MILK,HEATED APPROX 10MIN",318,"Vitamin A, IU",1.0
2151,01,"MILK,HEATED APPROX 10MIN",392,"Vitamin A, RE",1.0
2151,01,"MILK,HEATED APPROX 10MIN",221,"Alcohol, ethyl",1.0
2151,01,"MILK,HEATED APPROX 10MIN",321,"Carotene, beta",1.0
2151,01,"MILK,HEATED APPROX 10MIN",322,"Carotene, alpha",1.0
2151,01,"MILK,HEATED APPROX 10MIN",334,"Cryptoxanthin, beta",1.0
2151,01,"MILK,HEATED APPROX 10MIN",337,Lycopene,1.0
2151,01,"MILK,HEATED APPROX 10MIN",338,Lutein + zeaxanthin,1.0
2152,01,"MILK,HEATED APPROX 30MIN",301,"Calcium, Ca",1.0
2152,01,"MILK,HEATED APPROX 30MIN",303,"Iron, Fe",1.0
2152,01,"MILK,HEATED APPROX 30MIN",304,"Magnesium, Mg",1.0
2152,01,"MILK,HEATED APPROX 30MIN",305,"Phosphorus, P",1.0
2152,01,"MILK,HEATED APPROX 30MIN",306,"Potassium, K",1.0
2152,01,"MILK,HEATED APPROX 30MIN",307,"Sodium, Na",1.0
2152,01,"MILK,HEATED APPROX 30MIN",309,"Zinc, Zn",1.0
2152,01,"MILK,HEATED APPROX 30MIN",312,"Copper, Cu",1.0
2152,01,"MILK,HEATED APPROX 30MIN",401,"Vitamin C, total ascorbic acid",0.65
2152,01,"MILK,HEATED APPROX 30MIN",404,Thiamin,0.75
2152,01,"MILK,HEATED APPROX 30MIN",405,Riboflavin,1.0
2152,01,"MILK,HEATED APPROX 30MIN",406,Niacin,1.0
2152,01,"MILK,HEATED APPROX 30MIN",415,Vitamin B-6,0.75
2152,01,"MILK,HEATED APPROX 30MIN",417,"Folate, total",0.8
2152,01,"MILK,HEATED APPROX 30MIN",431,Folic acid,0.8
2152,01,"MILK,HEATED APPROX 30MIN",432,"Folate, food",0.8
2152,01,"MILK,HEATED APPROX 30MIN",421,"Choline, total",0.75
2152,01,"MILK,HEATED APPROX 30MIN",418,Vitamin B-12,0.55
2152,01,"MILK,HEATED APPROX 30MIN",318,"Vitamin A, IU",1.0
2152,01,"MILK,HEATED APPROX 30MIN",392,"Vitamin A, RE",1.0
2152,01,"MILK,HEATED APPROX 30MIN",221,"Alcohol, ethyl",1.0
2152,01,"MILK,HEATED APPROX 30MIN",321,"Carotene, beta",1.0
2152,01,"MILK,HEATED APPROX 30MIN",322,"Carotene, alpha",1.0
2152,01,"MILK,HEATED APPROX 30MIN",334,"Cryptoxanthin, beta",1.0
2152,01,"MILK,HEATED APPROX 30MIN",337,Lycopene,1.0
2152,01,"MILK,HEATED APPROX 30MIN",338,Lutein + zeaxanthin,1.0
2154,01,"MILK,REHEATED",301,"Calcium, Ca",1.0
2154,01,"MILK,REHEATED",303,"Iron, Fe",1.0
2154,01,"MILK,REHEATED",304,"Magnesium, Mg",1.0
2154,01,"MILK,REHEATED",305,"Phosphorus, P",1.0
2154,01,"MILK,REHEATED",306,"Potassium, K",1.0
2154,01,"MILK,REHEATED",307,"Sodium, Na",1.0
2154,01,"MILK,REHEATED",309,"Zinc, Zn",1.0
2154,01,"MILK,REHEATED",312,"Copper, Cu",1.0
2154,01,"MILK,REHEATED",401,"Vitamin C, total ascorbic acid",0.95
2154,01,"MILK,REHEATED",404,Thiamin,0.95
2154,01,"MILK,REHEATED",405,Riboflavin,1.0
2154,01,"MILK,REHEATED",406,Niacin,1.0
2154,01,"MILK,REHEATED",415,Vitamin B-6,0.95
2154,01,"MILK,REHEATED",417,"Folate, total",0.95
2154,01,"MILK,REHEATED",431,Folic acid,0.95
2154,01,"MILK,REHEATED",432,"Folate, food",0.95
2154,01,"MILK,REHEATED",421,"Choline, total",0.95
2154,01,"MILK,REHEATED",418,Vitamin B-12,0.95
2154,01,"MILK,REHEATED",318,"Vitamin A, IU",1.0
2154,01,"MILK,REHEATED",392,"Vitamin A, RE",1.0
2154,01,"MILK,REHEATED",221,"Alcohol, ethyl",1.0
2154,01,"MILK,REHEATED",321,"Carotene, beta",1.0
2154,01,"MILK,REHEATED",322,"Carotene, alpha",1.0
2154,01,"MILK,REHEATED",334,"Cryptoxanthin, beta",1.0
2154,01,"MILK,REHEATED",337,Lycopene,1.0
2154,01,"MILK,REHEATED",338,Lutein + zeaxanthin,1.0
0801,05,"CHICKEN,BROILED",301,"Calcium, Ca",0.95
0801,05,"CHICKEN,BROILED",303,"Iron, Fe",0.9
0801,05,"CHICKEN,BROILED",304,"Magnesium, Mg",0.75
0801,05,"CHICKEN,BROILED",305,"Phosphorus, P",0.8
0801,05,"CHICKEN,BROILED",306,"Potassium, K",0.8
0801,05,"CHICKEN,BROILED",307,"Sodium, Na",0.8
0801,05,"CHICKEN,BROILED",309,"Zinc, Zn",1.0
0801,05,"CHICKEN,BROILED",312,"Copper, Cu",0.95
0801,05,"CHICKEN,BROILED",401,"Vitamin C, total ascorbic acid",0.8
0801,05,"CHICKEN,BROILED",404,Thiamin,0.7
0801,05,"CHICKEN,BROILED",405,Riboflavin,0.9
0801,05,"CHICKEN,BROILED",406,Niacin,0.8
0801,05,"CHICKEN,BROILED",415,Vitamin B-6,0.8
0801,05,"CHICKEN,BROILED",417,"Folate, total",0.6
0801,05,"CHICKEN,BROILED",431,Folic acid,0.6
0801,05,"CHICKEN,BROILED",432,"Folate, food",0.6
0801,05,"CHICKEN,BROILED",421,"Choline, total",0.7
0801,05,"CHICKEN,BROILED",418,Vitamin B-12,0.65
0801,05,"CHICKEN,BROILED",318,"Vitamin A, IU",0.75
0801,05,"CHICKEN,BROILED",392,"Vitamin A, RE",0.75
0801,05,"CHICKEN,BROILED",221,"Alcohol, ethyl",1.0
0801,05,"CHICKEN,BROILED",321,"Carotene, beta",0.75
0801,05,"CHICKEN,BROILED",322,"Carotene, alpha",0.75
0801,05,"CHICKEN,BROILED",334,"Cryptoxanthin, beta",0.75
0801,05,"CHICKEN,BROILED",337,Lycopene,0.75
0801,05,"CHICKEN,BROILED",338,Lutein + zeaxanthin,0.75
0852,05,"CHICKEN,BROWN,SIMMER,W/DRIPPINGS",301,"Calcium, Ca",1.0
0852,05,"CHICKEN,BROWN,SIMMER,W/DRIPPINGS",303,"Iron, Fe",1.0
0852,05,"CHICKEN,BROWN,SIMMER,W/DRIPPINGS",304,"Magnesium, Mg",1.0
0852,05,"CHICKEN,BROWN,SIMMER,W/DRIPPINGS",305,"Phosphorus, P",1.0
0852,05,"CHICKEN,BROWN,SIMMER,W/DRIPPINGS",306,"Potassium, K",1.0
0852,05,"CHICKEN,BROWN,SIMMER,W/DRIPPINGS",307,"Sodium, Na",1.0
0852,05,"CHICKEN,BROWN,SIMMER,W/DRIPPINGS",309,"Zinc, Zn",1.0
0852,05,"CHICKEN,BROWN,SIMMER,W/DRIPPINGS",312,"Copper, Cu",1.0
0852,05,"CHICKEN,BROWN,SIMMER,W/DRIPPINGS",401,"Vitamin C, total ascorbic acid",0.85
0852,05,"CHICKEN,BROWN,SIMMER,W/DRIPPINGS",404,Thiamin,0.75
0852,05,"CHICKEN,BROWN,SIMMER,W/DRIPPINGS",405,Riboflavin,1.0
0852,05,"CHICKEN,BROWN,SIMMER,W/DRIPPINGS",406,Niacin,0.95
0852,05,"CHICKEN,BROWN,SIMMER,W/DRIPPINGS",415,Vitamin B-6,0.65
0852,05,"CHICKEN,BROWN,SIMMER,W/DRIPPINGS",417,"Folate, total",0.7
0852,05,"CHICKEN,BROWN,SIMMER,W/DRIPPINGS",431,Folic acid,0.7
0852,05,"CHICKEN,BROWN,SIMMER,W/DRIPPINGS",432,"Folate, food",0.7
0852,05,"CHICKEN,BROWN,SIMMER,W/DRIPPINGS",421,"Choline, total",0.7
0852,05,"CHICKEN,BROWN,SIMMER,W/DRIPPINGS",418,Vitamin B-12,0.65
0852,05,"CHICKEN,BROWN,SIMMER,W/DRIPPINGS",318,"Vitamin A, IU",0.8
0852,05,"CHICKEN,BROWN,SIMMER,W/DRIPPINGS",392,"Vitamin A, RE",0.8
0852,05,"CHICKEN,BROWN,SIMMER,W/DRIPPINGS",221,"Alcohol, ethyl",1.0
0852,05,"CHICKEN,BROWN,SIMMER,W/DRIPPINGS",321,"Carotene, beta",0.8
0852,05,"CHICKEN,BROWN,SIMMER,W/DRIPPINGS",322,"Carotene, alpha",0.8
0852,05,"CHICKEN,BROWN,SIMMER,W/DRIPPINGS",334,"Cryptoxanthin, beta",0.8
0852,05,"CHICKEN,BROWN,SIMMER,W/DRIPPINGS",337,Lycopene,0.8
0852,05,"CHICKEN,BROWN,SIMMER,W/DRIPPINGS",338,Lutein + zeaxanthin,0.8
0851,05,"CHICKEN,BROWN,SIMMER,WO/DRIPPINGS",301,"Calcium, Ca",0.8
0851,05,"CHICKEN,BROWN,SIMMER,WO/DRIPPINGS",303,"Iron, Fe",0.9
0851,05,"CHICKEN,BROWN,SIMMER,WO/DRIPPINGS",304,"Magnesium, Mg",0.65
0851,05,"CHICKEN,BROWN,SIMMER,WO/DRIPPINGS",305,"Phosphorus, P",0.7
0851,05,"CHICKEN,BROWN,SIMMER,WO/DRIPPINGS",306,"Potassium, K",0.6
0851,05,"CHICKEN,BROWN,SIMMER,WO/DRIPPINGS",307,"Sodium, Na",0.7
0851,05,"CHICKEN,BROWN,SIMMER,WO/DRIPPINGS",309,"Zinc, Zn",1.0
0851,05,"CHICKEN,BROWN,SIMMER,WO/DRIPPINGS",312,"Copper, Cu",0.9
0851,05,"CHICKEN,BROWN,SIMMER,WO/DRIPPINGS",401,"Vitamin C, total ascorbic acid",0.8
0851,05,"CHICKEN,BROWN,SIMMER,WO/DRIPPINGS",404,Thiamin,0.55
0851,05,"CHICKEN,BROWN,SIMMER,WO/DRIPPINGS",405,Riboflavin,0.95
0851,05,"CHICKEN,BROWN,SIMMER,WO/DRIPPINGS",406,Niacin,0.6
0851,05,"CHICKEN,BROWN,SIMMER,WO/DRIPPINGS",415,Vitamin B-6,0.5
0851,05,"CHICKEN,BROWN,SIMMER,WO/DRIPPINGS",417,"Folate, total",0.6
0851,05,"CHICKEN,BROWN,SIMMER,WO/DRIPPINGS",431,Folic acid,0.6
0851,05,"CHICKEN,BROWN,SIMMER,WO/DRIPPINGS",432,"Folate, food",0.6
0851,05,"CHICKEN,BROWN,SIMMER,WO/DRIPPINGS",421,"Choline, total",0.7
0851,05,"CHICKEN,BROWN,SIMMER,WO/DRIPPINGS",418,Vitamin B-12,0.5
0851,05,"CHICKEN,BROWN,SIMMER,WO/DRIPPINGS",318,"Vitamin A, IU",0.75
0851,05,"CHICKEN,BROWN,SIMMER,WO/DRIPPINGS",392,"Vitamin A, RE",0.75
0851,05,"CHICKEN,BROWN,SIMMER,WO/DRIPPINGS",221,"Alcohol, ethyl",1.0
0851,05,"CHICKEN,BROWN,SIMMER,WO/DRIPPINGS",321,"Carotene, beta",0.75
0851,05,"CHICKEN,BROWN,SIMMER,WO/DRIPPINGS",322,"Carotene, alpha",0.75
0851,05,"CHICKEN,BROWN,SIMMER,WO/DRIPPINGS",334,"Cryptoxanthin, beta",0.75
0851,05,"CHICKEN,BROWN,SIMMER,WO/DRIPPINGS",337,Lycopene,0.75
0851,05,"CHICKEN,BROWN,SIMMER,WO/DRIPPINGS",338,Lutein + zeaxanthin,0.75
0804,05,"CHICKEN,FRIED,W/COATING",301,"Calcium, Ca",0.95
0804,05,"CHICKEN,FRIED,W/COATING",303,"Iron, Fe",0.9
0804,05,"CHICKEN,FRIED,W/COATING",304,"Magnesium, Mg",0.75
0804,05,"CHICKEN,FRIED,W/COATING",305,"Phosphorus, P",0.8
0804,05,"CHICKEN,FRIED,W/COATING",306,"Potassium, K",0.8
0804,05,"CHICKEN,FRIED,W/COATING",307,"Sodium, Na",0.8
0804,05,"CHICKEN,FRIED,W/COATING",309,"Zinc, Zn",1.0
0804,05,"CHICKEN,FRIED,W/COATING",312,"Copper, Cu",0.95
0804,05,"CHICKEN,FRIED,W/COATING",401,"Vitamin C, total ascorbic acid",0.8
0804,05,"CHICKEN,FRIED,W/COATING",404,Thiamin,0.7
0804,05,"CHICKEN,FRIED,W/COATING",405,Riboflavin,0.9
0804,05,"CHICKEN,FRIED,W/COATING",406,Niacin,0.8
0804,05,"CHICKEN,FRIED,W/COATING",415,Vitamin B-6,0.8
0804,05,"CHICKEN,FRIED,W/COATING",417,"Folate, total",0.6
0804,05,"CHICKEN,FRIED,W/COATING",431,Folic acid,0.6
0804,05,"CHICKEN,FRIED,W/COATING",432,"Folate, food",0.6
0804,05,"CHICKEN,FRIED,W/COATING",421,"Choline, total",0.7
0804,05,"CHICKEN,FRIED,W/COATING",418,Vitamin B-12,0.65
0804,05,"CHICKEN,FRIED,W/COATING",318,"Vitamin A, IU",0.75
0804,05,"CHICKEN,FRIED,W/COATING",392,"Vitamin A, RE",0.75
0804,05,"CHICKEN,FRIED,W/COATING",221,"Alcohol, ethyl",1.0
0804,05,"CHICKEN,FRIED,W/COATING",321,"Carotene, beta",0.75
0804,05,"CHICKEN,FRIED,W/COATING",322,"Carotene, alpha",0.75
0804,05,"CHICKEN,FRIED,W/COATING",334,"Cryptoxanthin, beta",0.75
0804,05,"CHICKEN,FRIED,W/COATING",337,Lycopene,0.75
0804,05,"CHICKEN,FRIED,W/COATING",338,Lutein + zeaxanthin,0.75
0803,05,"CHICKEN,FRIED,WO/COATING",301,"Calcium, Ca",0.95
0803,05,"CHICKEN,FRIED,WO/COATING",303,"Iron, Fe",0.9
0803,05,"CHICKEN,FRIED,WO/COATING",304,"Magnesium, Mg",0.75
0803,05,"CHICKEN,FRIED,WO/COATING",305,"Phosphorus, P",0.8
0803,05,"CHICKEN,FRIED,WO/COATING",306,"Potassium, K",0.8
0803,05,"CHICKEN,FRIED,WO/COATING",307,"Sodium, Na",0.8
0803,05,"CHICKEN,FRIED,WO/COATING",309,"Zinc, Zn",1.0
0803,05,"CHICKEN,FRIED,WO/COATING",312,"Copper, Cu",0.95
0803,05,"CHICKEN,FRIED,WO/COATING",401,"Vitamin C, total ascorbic acid",0.8
0803,05,"CHICKEN,FRIED,WO/COATING",404,Thiamin,0.7
0803,05,"CHICKEN,FRIED,WO/COATING",405,Riboflavin,0.9
0803,05,"CHICKEN,FRIED,WO/COATING",406,Niacin,0.8
0803,05,"CHICKEN,FRIED,WO/COATING",415,Vitamin B-6,0.8
0803,05,"CHICKEN,FRIED,WO/COATING",417,"Folate, total",0.6
0803,05,"CHICKEN,FRIED,WO/COATING",431,Folic acid,0.6
0803,05,"CHICKEN,FRIED,WO/COATING",432,"Folate, food",0.6
0803,05,"CHICKEN,FRIED,WO/COATING",421,"Choline, total",0.7
0803,05,"CHICKEN,FRIED,WO/COATING",418,Vitamin B-12,0.65
0803,05,"CHICKEN,FRIED,WO/COATING",318,"Vitamin A, IU",0.75
0803,05,"CHICKEN,FRIED,WO/COATING",392,"Vitamin A, RE",0.75
0803,05,"CHICKEN,FRIED,WO/COATING",221,"Alcohol, ethyl",1.0
0803,05,"CHICKEN,FRIED,WO/COATING",321,"Carotene, beta",0.75
0803,05,"CHICKEN,FRIED,WO/COATING",322,"Carotene, alpha",0.75
0803,05,"CHICKEN,FRIED,WO/COATING",334,"Cryptoxanthin, beta",0.75
0803,05,"CHICKEN,FRIED,WO/COATING",337,Lycopene,0.75
0803,05,"CHICKEN,FRIED,WO/COATING",338,Lutein + zeaxanthin,0.75
0864,05,"CHICKEN,REHEATED",301,"Calcium, Ca",1.0
0864,05,"CHICKEN,REHEATED",303,"Iron, Fe",1.0
0864,05,"CHICKEN,REHEATED",304,"Magnesium, Mg",1.0
0864,05,"CHICKEN,REHEATED",305,"Phosphorus, P",1.0
0864,05,"CHICKEN,REHEATED",306,"Potassium, K",1.0
0864,05,"CHICKEN,REHEATED",307,"Sodium, Na",1.0
0864,05,"CHICKEN,REHEATED",309,"Zinc, Zn",1.0
0864,05,"CHICKEN,REHEATED",312,"Copper, Cu",1.0
0864,05,"CHICKEN,REHEATED",401,"Vitamin C, total ascorbic acid",0.95
0864,05,"CHICKEN,REHEATED",404,Thiamin,0.95
0864,05,"CHICKEN,REHEATED",405,Riboflavin,1.0
0864,05,"CHICKEN,REHEATED",406,Niacin,1.0
0864,05,"CHICKEN,REHEATED",415,Vitamin B-6,0.95
0864,05,"CHICKEN,REHEATED",417,"Folate, total",0.95
0864,05,"CHICKEN,REHEATED",431,Folic acid,0.95
0864,05,"CHICKEN,REHEATED",432,"Folate, food",0.95
0864,05,"CHICKEN,REHEATED",421,"Choline, total",0.7
0864,05,"CHICKEN,REHEATED",418,Vitamin B-12,0.95
0864,05,"CHICKEN,REHEATED",318,"Vitamin A, IU",1.0
0864,05,"CHICKEN,REHEATED",392,"Vitamin A, RE",1.0
0864,05,"CHICKEN,REHEATED",221,"Alcohol, ethyl",1.0
0864,05,"CHICKEN,REHEATED",321,"Carotene, beta",1.0
0864,05,"CHICKEN,REHEATED",322,"Carotene, alpha",1.0
0864,05,"CHICKEN,REHEATED",334,"Cryptoxanthin, beta",1.0
0864,05,"CHICKEN,REHEATED",337,Lycopene,1.0
0864,05,"CHICKEN,REHEATED",338,Lutein + zeaxanthin,1.0
0805,05,"CHICKEN,ROASTED",301,"Calcium, Ca",0.95
0805,05,"CHICKEN,ROASTED",303,"Iron, Fe",0.9
0805,05,"CHICKEN,ROASTED",304,"Magnesium, Mg",0.75
0805,05,"CHICKEN,ROASTED",305,"Phosphorus, P",0.8
0805,05,"CHICKEN,ROASTED",306,"Potassium, K",0.8
0805,05,"CHICKEN,ROASTED",307,"Sodium, Na",0.8
0805,05,"CHICKEN,ROASTED",309,"Zinc, Zn",1.0
0805,05,"CHICKEN,ROASTED",312,"Copper, Cu",0.95
0805,05,"CHICKEN,ROASTED",401,"Vitamin C, total ascorbic acid",0.8
0805,05,"CHICKEN,ROASTED",404,Thiamin,0.7
0805,05,"CHICKEN,ROASTED",405,Riboflavin,0.9
0805,05,"CHICKEN,ROASTED",406,Niacin,0.8
0805,05,"CHICKEN,ROASTED",415,Vitamin B-6,0.8
0805,05,"CHICKEN,ROASTED",417,"Folate, total",0.6
0805,05,"CHICKEN,ROASTED",431,Folic acid,0.6
0805,05,"CHICKEN,ROASTED",432,"Folate, food",0.6
0805,05,"CHICKEN,ROASTED",421,"Choline, total",0.7
0805,05,"CHICKEN,ROASTED",418,Vitamin B-12,0.65
0805,05,"CHICKEN,ROASTED",318,"Vitamin A, IU",0.75
0805,05,"CHICKEN,ROASTED",392,"Vitamin A, RE",0.75
0805,05,"CHICKEN,ROASTED",221,"Alcohol, ethyl",1.0
0805,05,"CHICKEN,ROASTED",321,"Carotene, beta",0.75
0805,05,"CHICKEN,ROASTED",322,"Carotene, alpha",0.75
0805,05,"CHICKEN,ROASTED",334,"Cryptoxanthin, beta",0.75
0805,05,"CHICKEN,ROASTED",337,Lycopene,0.75
0805,05,"CHICKEN,ROASTED",338,Lutein + zeaxanthin,0.75
0856,05,"CHICKEN,SIMMERED,W/DRIPPINGS",301,"Calcium, Ca",1.0
0856,05,"CHICKEN,SIMMERED,W/DRIPPINGS",303,"Iron, Fe",1.0
0856,05,"CHICKEN,SIMMERED,W/DRIPPINGS",304,"Magnesium, Mg",1.0
0856,05,"CHICKEN,SIMMERED,W/DRIPPINGS",305,"Phosphorus, P",1.0
0856,05,"CHICKEN,SIMMERED,W/DRIPPINGS",306,"Potassium, K",1.0
0856,05,"CHICKEN,SIMMERED,W/DRIPPINGS",307,"Sodium, Na",1.0
0856,05,"CHICKEN,SIMMERED,W/DRIPPINGS",309,"Zinc, Zn",1.0
0856,05,"CHICKEN,SIMMERED,W/DRIPPINGS",312,"Copper, Cu",1.0
0856,05,"CHICKEN,SIMMERED,W/DRIPPINGS",401,"Vitamin C, total ascorbic acid",0.85
0856,05,"CHICKEN,SIMMERED,W/DRIPPINGS",404,Thiamin,0.75
0856,05,"CHICKEN,SIMMERED,W/DRIPPINGS",405,Riboflavin,1.0
0856,05,"CHICKEN,SIMMERED,W/DRIPPINGS",406,Niacin,0.95
0856,05,"CHICKEN,SIMMERED,W/DRIPPINGS",415,Vitamin B-6,0.65
0856,05,"CHICKEN,SIMMERED,W/DRIPPINGS",417,"Folate, total",0.7
0856,05,"CHICKEN,SIMMERED,W/DRIPPINGS",431,Folic acid,0.7
0856,05,"CHICKEN,SIMMERED,W/DRIPPINGS",432,"Folate, food",0.7
0856,05,"CHICKEN,SIMMERED,W/DRIPPINGS",421,"Choline, total",0.7
0856,05,"CHICKEN,SIMMERED,W/DRIPPINGS",418,Vitamin B-12,0.65
0856,05,"CHICKEN,SIMMERED,W/DRIPPINGS",318,"Vitamin A, IU",0.8
0856,05,"CHICKEN,SIMMERED,W/DRIPPINGS",392,"Vitamin A, RE",0.8
0856,05,"CHICKEN,SIMMERED,W/DRIPPINGS",221,"Alcohol, ethyl",1.0
0856,05,"CHICKEN,SIMMERED,W/DRIPPINGS",321,"Carotene, beta",0.8
0856,05,"CHICKEN,SIMMERED,W/DRIPPINGS",322,"Carotene, alpha",0.8
0856,05,"CHICKEN,SIMMERED,W/DRIPPINGS",334,"Cryptoxanthin, beta",0.8
0856,05,"CHICKEN,SIMMERED,W/DRIPPINGS",337,Lycopene,0.8
0856,05,"CHICKEN,SIMMERED,W/DRIPPINGS",338,Lutein + zeaxanthin,0.8
0855,05,"CHICKEN,SIMMERED,WO/DRIPPINGS",301,"Calcium, Ca",0.8
0855,05,"CHICKEN,SIMMERED,WO/DRIPPINGS",303,"Iron, Fe",0.9
0855,05,"CHICKEN,SIMMERED,WO/DRIPPINGS",304,"Magnesium, Mg",0.65
0855,05,"CHICKEN,SIMMERED,WO/DRIPPINGS",305,"Phosphorus, P",0.7
0855,05,"CHICKEN,SIMMERED,WO/DRIPPINGS",306,"Potassium, K",0.6
0855,05,"CHICKEN,SIMMERED,WO/DRIPPINGS",307,"Sodium, Na",0.7
0855,05,"CHICKEN,SIMMERED,WO/DRIPPINGS",309,"Zinc, Zn",1.0
0855,05,"CHICKEN,SIMMERED,WO/DRIPPINGS",312,"Copper, Cu",0.9
0855,05,"CHICKEN,SIMMERED,WO/DRIPPINGS",401,"Vitamin C, total ascorbic acid",0.8
0855,05,"CHICKEN,SIMMERED,WO/DRIPPINGS",404,Thiamin,0.55
0855,05,"CHICKEN,SIMMERED,WO/DRIPPINGS",405,Riboflavin,0.95
0855,05,"CHICKEN,SIMMERED,WO/DRIPPINGS",406,Niacin,0.6
0855,05,"CHICKEN,SIMMERED,WO/DRIPPINGS",415,Vitamin B-6,0.5
0855,05,"CHICKEN,SIMMERED,WO/DRIPPINGS",417,"Folate, total",0.6
0855,05,"CHICKEN,SIMMERED,WO/DRIPPINGS",431,Folic acid,0.6
0855,05,"CHICKEN,SIMMERED,WO/DRIPPINGS",432,"Folate, food",0.6
0855,05,"CHICKEN,SIMMERED,WO/DRIPPINGS",421,"Choline, total",0.7
0855,05,"CHICKEN,SIMMERED,WO/DRIPPINGS",418,Vitamin B-12,0.5
0855,05,"CHICKEN,SIMMERED,WO/DRIPPINGS",318,"Vitamin A, IU",0.75
0855,05,"CHICKEN,SIMMERED,WO/DRIPPINGS",392,"Vitamin A, RE",0.75
0855,05,"CHICKEN,SIMMERED,WO/DRIPPINGS",221,"Alcohol, ethyl",1.0
0855,05,"CHICKEN,SIMMERED,WO/DRIPPINGS",321,"Carotene, beta",0.75
0855,05,"CHICKEN,SIMMERED,WO/DRIPPINGS",322,"Carotene, alpha",0.75
0855,05,"CHICKEN,SIMMERED,WO/DRIPPINGS",334,"Cryptoxanthin, beta",0.75
0855,05,"CHICKEN,SIMMERED,WO/DRIPPINGS",337,Lycopene,0.75
0855,05,"CHICKEN,SIMMERED,WO/DRIPPINGS",338,Lutein + zeaxanthin,0.75
1860,05,"TURKEY,REHEATED",301,"Calcium, Ca",1.0
1860,05,"TURKEY,REHEATED",303,"Iron, Fe",1.0
1860,05,"TURKEY,REHEATED",304,"Magnesium, Mg",1.0
1860,05,"TURKEY,REHEATED",305,"Phosphorus, P",1.0
1860,05,"TURKEY,REHEATED",306,"Potassium, K",1.0
1860,05,"TURKEY,REHEATED",307,"Sodium, Na",1.0
1860,05,"TURKEY,REHEATED",309,"Zinc, Zn",1.0
1860,05,"TURKEY,REHEATED",312,"Copper, Cu",1.0
1860,05,"TURKEY,REHEATED",401,"Vitamin C, total ascorbic acid",0.95
1860,05,"TURKEY,REHEATED",404,Thiamin,0.95
1860,05,"TURKEY,REHEATED",405,Riboflavin,1.0
1860,05,"TURKEY,REHEATED",406,Niacin,1.0
1860,05,"TURKEY,REHEATED",415,Vitamin B-6,0.95
1860,05,"TURKEY,REHEATED",417,"Folate, total",0.95
1860,05,"TURKEY,REHEATED",431,Folic acid,0.95
1860,05,"TURKEY,REHEATED",432,"Folate, food",0.95
1860,05,"TURKEY,REHEATED",421,"Choline, total",0.7
1860,05,"TURKEY,REHEATED",418,Vitamin B-12,0.95
1860,05,"TURKEY,REHEATED",318,"Vitamin A, IU",1.0
1860,05,"TURKEY,REHEATED",392,"Vitamin A, RE",1.0
1860,05,"TURKEY,REHEATED",221,"Alcohol, ethyl",1.0
1860,05,"TURKEY,REHEATED",321,"Carotene, beta",1.0
1860,05,"TURKEY,REHEATED",322,"Carotene, alpha",1.0
1860,05,"TURKEY,REHEATED",334,"Cryptoxanthin, beta",1.0
1860,05,"TURKEY,REHEATED",337,Lycopene,1.0
1860,05,"TURKEY,REHEATED",338,Lutein + zeaxanthin,1.0
1805,05,"TURKEY,ROASTED",301,"Calcium, Ca",1.0
1805,05,"TURKEY,ROASTED",303,"Iron, Fe",0.95
1805,05,"TURKEY,ROASTED",304,"Magnesium, Mg",0.8
1805,05,"TURKEY,ROASTED",305,"Phosphorus, P",0.8
1805,05,"TURKEY,ROASTED",306,"Potassium, K",0.75
1805,05,"TURKEY,ROASTED",307,"Sodium, Na",0.75
1805,05,"TURKEY,ROASTED",309,"Zinc, Zn",1.0
1805,05,"TURKEY,ROASTED",312,"Copper, Cu",0.7
1805,05,"TURKEY,ROASTED",401,"Vitamin C, total ascorbic acid",0.8
1805,05,"TURKEY,ROASTED",404,Thiamin,0.65
1805,05,"TURKEY,ROASTED",405,Riboflavin,0.85
1805,05,"TURKEY,ROASTED",406,Niacin,0.9
1805,05,"TURKEY,ROASTED",415,Vitamin B-6,0.7
1805,05,"TURKEY,ROASTED",417,"Folate, total",0.6
1805,05,"TURKEY,ROASTED",431,Folic acid,0.6
1805,05,"TURKEY,ROASTED",432,"Folate, food",0.6
1805,05,"TURKEY,ROASTED",421,"Choline, total",0.7
1805,05,"TURKEY,ROASTED",418,Vitamin B-12,0.65
1805,05,"TURKEY,ROASTED",318,"Vitamin A, IU",0.75
1805,05,"TURKEY,ROASTED",392,"Vitamin A, RE",0.75
1805,05,"TURKEY,ROASTED",221,"Alcohol, ethyl",1.0
1805,05,"TURKEY,ROASTED",321,"Carotene, beta",0.75
1805,05,"TURKEY,ROASTED",322,"Carotene, alpha",0.75
1805,05,"TURKEY,ROASTED",334,"Cryptoxanthin, beta",0.75
1805,05,"TURKEY,ROASTED",337,Lycopene,0.75
1805,05,"TURKEY,ROASTED",338,Lutein + zeaxanthin,0.75
1852,05,"TURKEY,SIMMERED,W/DRIPPINGS",301,"Calcium, Ca",1.0
1852,05,"TURKEY,SIMMERED,W/DRIPPINGS",303,"Iron, Fe",1.0
1852,05,"TURKEY,SIMMERED,W/DRIPPINGS",304,"Magnesium, Mg",1.0
1852,05,"TURKEY,SIMMERED,W/DRIPPINGS",305,"Phosphorus, P",1.0
1852,05,"TURKEY,SIMMERED,W/DRIPPINGS",306,"Potassium, K",1.0
1852,05,"TURKEY,SIMMERED,W/DRIPPINGS",307,"Sodium, Na",1.0
1852,05,"TURKEY,SIMMERED,W/DRIPPINGS",309,"Zinc, Zn",1.0
1852,05,"TURKEY,SIMMERED,W/DRIPPINGS",312,"Copper, Cu",1.0
1852,05,"TURKEY,SIMMERED,W/DRIPPINGS",401,"Vitamin C, total ascorbic acid",0.85
1852,05,"TURKEY,SIMMERED,W/DRIPPINGS",404,Thiamin,0.75
1852,05,"TURKEY,SIMMERED,W/DRIPPINGS",405,Riboflavin,1.0
1852,05,"TURKEY,SIMMERED,W/DRIPPINGS",406,Niacin,0.95
1852,05,"TURKEY,SIMMERED,W/DRIPPINGS",415,Vitamin B-6,0.7
1852,05,"TURKEY,SIMMERED,W/DRIPPINGS",417,"Folate, total",0.7
1852,05,"TURKEY,SIMMERED,W/DRIPPINGS",431,Folic acid,0.7
1852,05,"TURKEY,SIMMERED,W/DRIPPINGS",432,"Folate, food",0.7
1852,05,"TURKEY,SIMMERED,W/DRIPPINGS",421,"Choline, total",0.7
1852,05,"TURKEY,SIMMERED,W/DRIPPINGS",418,Vitamin B-12,0.7
1852,05,"TURKEY,SIMMERED,W/DRIPPINGS",318,"Vitamin A, IU",0.8
1852,05,"TURKEY,SIMMERED,W/DRIPPINGS",392,"Vitamin A, RE",0.8
1852,05,"TURKEY,SIMMERED,W/DRIPPINGS",221,"Alcohol, ethyl",1.0
1852,05,"TURKEY,SIMMERED,W/DRIPPINGS",321,"Carotene, beta",0.8
1852,05,"TURKEY,SIMMERED,W/DRIPPINGS",322,"Carotene, alpha",0.8
1852,05,"TURKEY,SIMMERED,W/DRIPPINGS",334,"Cryptoxanthin, beta",0.8
1852,05,"TURKEY,SIMMERED,W/DRIPPINGS",337,Lycopene,0.8
1852,05,"TURKEY,SIMMERED,W/DRIPPINGS",338,Lutein + zeaxanthin,0.8
1851,05,"TURKEY,SIMMERED,WO/DRIPPINGS",301,"Calcium, Ca",0.85
1851,05,"TURKEY,SIMMERED,WO/DRIPPINGS",303,"Iron, Fe",0.95
1851,05,"TURKEY,SIMMERED,WO/DRIPPINGS",304,"Magnesium, Mg",0.65
1851,05,"TURKEY,SIMMERED,WO/DRIPPINGS",305,"Phosphorus, P",0.7
1851,05,"TURKEY,SIMMERED,WO/DRIPPINGS",306,"Potassium, K",0.55
1851,05,"TURKEY,SIMMERED,WO/DRIPPINGS",307,"Sodium, Na",0.7
1851,05,"TURKEY,SIMMERED,WO/DRIPPINGS",309,"Zinc, Zn",1.0
1851,05,"TURKEY,SIMMERED,WO/DRIPPINGS",312,"Copper, Cu",0.95
1851,05,"TURKEY,SIMMERED,WO/DRIPPINGS",401,"Vitamin C, total ascorbic acid",0.8
1851,05,"TURKEY,SIMMERED,WO/DRIPPINGS",404,Thiamin,0.55
1851,05,"TURKEY,SIMMERED,WO/DRIPPINGS",405,Riboflavin,0.95
1851,05,"TURKEY,SIMMERED,WO/DRIPPINGS",406,Niacin,0.6
1851,05,"TURKEY,SIMMERED,WO/DRIPPINGS",415,Vitamin B-6,0.5
1851,05,"TURKEY,SIMMERED,WO/DRIPPINGS",417,"Folate, total",0.6
1851,05,"TURKEY,SIMMERED,WO/DRIPPINGS",431,Folic acid,0.6
1851,05,"TURKEY,SIMMERED,WO/DRIPPINGS",432,"Folate, food",0.6
1851,05,"TURKEY,SIMMERED,WO/DRIPPINGS",421,"Choline, total",0.7
1851,05,"TURKEY,SIMMERED,WO/DRIPPINGS",418,Vitamin B-12,0.5
1851,05,"TURKEY,SIMMERED,WO/DRIPPINGS",318,"Vitamin A, IU",0.75
1851,05,"TURKEY,SIMMERED,WO/DRIPPINGS",392,"Vitamin A, RE",0.75
1851,05,"TURKEY,SIMMERED,WO/DRIPPINGS",221,"Alcohol, ethyl",1.0
1851,05,"TURKEY,SIMMERED,WO/DRIPPINGS",321,"Carotene, beta",0.75
1851,05,"TURKEY,SIMMERED,WO/DRIPPINGS",322,"Carotene, alpha",0.75
1851,05,"TURKEY,SIMMERED,WO/DRIPPINGS",334,"Cryptoxanthin, beta",0.75
1851,05,"TURKEY,SIMMERED,WO/DRIPPINGS",337,Lycopene,0.75
1851,05,"TURKEY,SIMMERED,WO/DRIPPINGS",338,Lutein + zeaxanthin,0.75
0357,08,"CEREAL,INST,COOKED",301,"Calcium, Ca",1.0
0357,08,"CEREAL,INST,COOKED",303,"Iron, Fe",1.0
0357,08,"CEREAL,INST,COOKED",304,"Magnesium, Mg",1.0
0357,08,"CEREAL,INST,COOKED",305,"Phosphorus, P",1.0
0357,08,"CEREAL,INST,COOKED",306,"Potassium, K",1.0
0357,08,"CEREAL,INST,COOKED",307,"Sodium, Na",1.0
0357,08,"CEREAL,INST,COOKED",309,"Zinc, Zn",1.0
0357,08,"CEREAL,INST,COOKED",312,"Copper, Cu",1.0
0357,08,"CEREAL,INST,COOKED",401,"Vitamin C, total ascorbic acid",0.9
0357,08,"CEREAL,INST,COOKED",404,Thiamin,0.9
0357,08,"CEREAL,INST,COOKED",405,Riboflavin,0.95
0357,08,"CEREAL,INST,COOKED",406,Niacin,0.95
0357,08,"CEREAL,INST,COOKED",415,Vitamin B-6,1.0
0357,08,"CEREAL,INST,COOKED",417,"Folate, total",1.0
0357,08,"CEREAL,INST,COOKED",431,Folic acid,1.0
0357,08,"CEREAL,INST,COOKED",432,"Folate, food",1.0
0357,08,"CEREAL,INST,COOKED",421,"Choline, total",1.0
0357,08,"CEREAL,INST,COOKED",418,Vitamin B-12,1.0
0357,08,"CEREAL,INST,COOKED",318,"Vitamin A, IU",1.0
0357,08,"CEREAL,INST,COOKED",392,"Vitamin A, RE",1.0
0357,08,"CEREAL,INST,COOKED",221,"Alcohol, ethyl",1.0
0357,08,"CEREAL,INST,COOKED",321,"Carotene, beta",1.0
0357,08,"CEREAL,INST,COOKED",322,"Carotene, alpha",1.0
0357,08,"CEREAL,INST,COOKED",334,"Cryptoxanthin, beta",1.0
0357,08,"CEREAL,INST,COOKED",337,Lycopene,1.0
0357,08,"CEREAL,INST,COOKED",338,Lutein + zeaxanthin,1.0
0358,08,"CEREAL,REG/QUICK,COOKED",301,"Calcium, Ca",1.0
0358,08,"CEREAL,REG/QUICK,COOKED",303,"Iron, Fe",0.95
0358,08,"CEREAL,REG/QUICK,COOKED",304,"Magnesium, Mg",1.0
0358,08,"CEREAL,REG/QUICK,COOKED",305,"Phosphorus, P",0.95
0358,08,"CEREAL,REG/QUICK,COOKED",306,"Potassium, K",0.95
0358,08,"CEREAL,REG/QUICK,COOKED",307,"Sodium, Na",1.0
0358,08,"CEREAL,REG/QUICK,COOKED",309,"Zinc, Zn",1.0
0358,08,"CEREAL,REG/QUICK,COOKED",312,"Copper, Cu",0.95
0358,08,"CEREAL,REG/QUICK,COOKED",401,"Vitamin C, total ascorbic acid",0.8
0358,08,"CEREAL,REG/QUICK,COOKED",404,Thiamin,0.8
0358,08,"CEREAL,REG/QUICK,COOKED",405,Riboflavin,0.9
0358,08,"CEREAL,REG/QUICK,COOKED",406,Niacin,0.9
0358,08,"CEREAL,REG/QUICK,COOKED",415,Vitamin B-6,0.9
0358,08,"CEREAL,REG/QUICK,COOKED",417,"Folate, total",0.7
0358,08,"CEREAL,REG/QUICK,COOKED",431,Folic acid,0.7
0358,08,"CEREAL,REG/QUICK,COOKED",432,"Folate, food",0.7
0358,08,"CEREAL,REG/QUICK,COOKED",421,"Choline, total",1.0
0358,08,"CEREAL,REG/QUICK,COOKED",418,Vitamin B-12,1.0
0358,08,"CEREAL,REG/QUICK,COOKED",318,"Vitamin A, IU",0.9
0358,08,"CEREAL,REG/QUICK,COOKED",392,"Vitamin A, RE",0.9
0358,08,"CEREAL,REG/QUICK,COOKED",221,"Alcohol, ethyl",1.0
0358,08,"CEREAL,REG/QUICK,COOKED",321,"Carotene, beta",0.9
0358,08,"CEREAL,REG/QUICK,COOKED",322,"Carotene, alpha",0.9
0358,08,"CEREAL,REG/QUICK,COOKED",334,"Cryptoxanthin, beta",0.9
0358,08,"CEREAL,REG/QUICK,COOKED",337,Lycopene,0.9
0358,08,"CEREAL,REG/QUICK,COOKED",338,Lutein + zeaxanthin,0.9
0351,08,"OATMEAL,INST,COOKED",301,"Calcium, Ca",1.0
0351,08,"OATMEAL,INST,COOKED",303,"Iron, Fe",1.0
0351,08,"OATMEAL,INST,COOKED",304,"Magnesium, Mg",1.0
0351,08,"OATMEAL,INST,COOKED",305,"Phosphorus, P",1.0
0351,08,"OATMEAL,INST,COOKED",306,"Potassium, K",1.0
0351,08,"OATMEAL,INST,COOKED",307,"Sodium, Na",1.0
0351,08,"OATMEAL,INST,COOKED",309,"Zinc, Zn",1.0
0351,08,"OATMEAL,INST,COOKED",312,"Copper, Cu",1.0
0351,08,"OATMEAL,INST,COOKED",401,"Vitamin C, total ascorbic acid",0.9
0351,08,"OATMEAL,INST,COOKED",404,Thiamin,0.9
0351,08,"OATMEAL,INST,COOKED",405,Riboflavin,0.95
0351,08,"OATMEAL,INST,COOKED",406,Niacin,0.95
0351,08,"OATMEAL,INST,COOKED",415,Vitamin B-6,1.0
0351,08,"OATMEAL,INST,COOKED",417,"Folate, total",1.0
0351,08,"OATMEAL,INST,COOKED",431,Folic acid,1.0
0351,08,"OATMEAL,INST,COOKED",432,"Folate, food",1.0
0351,08,"OATMEAL,INST,COOKED",421,"Choline, total",1.0
0351,08,"OATMEAL,INST,COOKED",418,Vitamin B-12,1.0
0351,08,"OATMEAL,INST,COOKED",318,"Vitamin A, IU",1.0
0351,08,"OATMEAL,INST,COOKED",392,"Vitamin A, RE",1.0
0351,08,"OATMEAL,INST,COOKED",221,"Alcohol, ethyl",1.0
0351,08,"OATMEAL,INST,COOKED",321,"Carotene, beta",1.0
0351,08,"OATMEAL,INST,COOKED",322,"Carotene, alpha",1.0
0351,08,"OATMEAL,INST,COOKED",334,"Cryptoxanthin, beta",1.0
0351,08,"OATMEAL,INST,COOKED",337,Lycopene,1.0
0351,08,"OATMEAL,INST,COOKED",338,Lutein + zeaxanthin,1.0
0352,08,"OATMEAL,REG/QUICK,COOKED",301,"Calcium, Ca",1.0
0352,08,"OATMEAL,REG/QUICK,COOKED",303,"Iron, Fe",0.95
0352,08,"OATMEAL,REG/QUICK,COOKED",304,"Magnesium, Mg",1.0
0352,08,"OATMEAL,REG/QUICK,COOKED",305,"Phosphorus, P",0.95
0352,08,"OATMEAL,REG/QUICK,COOKED",306,"Potassium, K",0.95
0352,08,"OATMEAL,REG/QUICK,COOKED",307,"Sodium, Na",1.0
0352,08,"OATMEAL,REG/QUICK,COOKED",309,"Zinc, Zn",1.0
0352,08,"OATMEAL,REG/QUICK,COOKED",312,"Copper, Cu",0.95
0352,08,"OATMEAL,REG/QUICK,COOKED",401,"Vitamin C, total ascorbic acid",0.8
0352,08,"OATMEAL,REG/QUICK,COOKED",404,Thiamin,0.8
0352,08,"OATMEAL,REG/QUICK,COOKED",405,Riboflavin,0.9
0352,08,"OATMEAL,REG/QUICK,COOKED",406,Niacin,0.9
0352,08,"OATMEAL,REG/QUICK,COOKED",415,Vitamin B-6,0.9
0352,08,"OATMEAL,REG/QUICK,COOKED",417,"Folate, total",0.7
0352,08,"OATMEAL,REG/QUICK,COOKED",431,Folic acid,0.7
0352,08,"OATMEAL,REG/QUICK,COOKED",432,"Folate, food",0.7
0352,08,"OATMEAL,REG/QUICK,COOKED",421,"Choline, total",1.0
0352,08,"OATMEAL,REG/QUICK,COOKED",418,Vitamin B-12,1.0
0352,08,"OATMEAL,REG/QUICK,COOKED",318,"Vitamin A, IU",0.9
0352,08,"OATMEAL,REG/QUICK,COOKED",392,"Vitamin A, RE",0.9
0352,08,"OATMEAL,REG/QUICK,COOKED",221,"Alcohol, ethyl",1.0
